<diagram program="umletino" version="14.2"><zoom_level>10</zoom_level><element><id>UMLDeployment</id><coordinates><x>70</x><y>80</y><w>270</w><h>140</h></coordinates><panel_attributes>Computador Servidor
</panel_attributes><additional_attributes></additional_attributes></element><element><id>UMLDeployment</id><coordinates><x>80</x><y>330</y><w>280</w><h>160</h></coordinates><panel_attributes>Computador Cliente</panel_attributes><additional_attributes></additional_attributes></element><element><id>Relation</id><coordinates><x>190</x><y>190</y><w>70</w><h>240</h></coordinates><panel_attributes>Socket
</panel_attributes><additional_attributes>10;10;10;220</additional_attributes></element><element><id>UMLGeneric</id><coordinates><x>140</x><y>140</y><w>110</w><h>60</h></coordinates><panel_attributes>SaudacaoServer
bg=yellow
</panel_attributes><additional_attributes></additional_attributes></element><element><id>UMLGeneric</id><coordinates><x>140</x><y>410</y><w>110</w><h>60</h></coordinates><panel_attributes>SaudacaoCliente
bg=yellow
</panel_attributes><additional_attributes></additional_attributes></element><element><id>Text</id><coordinates><x>200</x><y>200</y><w>100</w><h>70</h></coordinates><panel_attributes>TCP: 58888

style=wordwrap</panel_attributes><additional_attributes></additional_attributes></element><element><id>UMLDeployment</id><coordinates><x>90</x><y>360</y><w>250</w><h>120</h></coordinates><panel_attributes>     JVM8 ou Superior
</panel_attributes><additional_attributes></additional_attributes></element></diagram>