<diagram program="umletino" version="14.2"><zoom_level>10</zoom_level><help_text>Space for diagram notes
</help_text><element><id>UMLClass</id><coordinates><x>0</x><y>0</y><w>210</w><h>130</h></coordinates><panel_attributes>Ideia

--
-Descricao: String
</panel_attributes><additional_attributes></additional_attributes></element><element><id>UMLClass</id><coordinates><x>380</x><y>0</y><w>210</w><h>130</h></coordinates><panel_attributes>Categoria 

--
-Nome: String
</panel_attributes><additional_attributes></additional_attributes></element><element><id>UMLClass</id><coordinates><x>20</x><y>270</y><w>210</w><h>130</h></coordinates><panel_attributes>Participante

--
-Identificador
</panel_attributes><additional_attributes></additional_attributes></element><element><id>Relation</id><coordinates><x>110</x><y>120</y><w>90</w><h>170</h></coordinates><panel_attributes>lt=&lt;-
Participante
m1=1
m2=0..*</panel_attributes><additional_attributes>10;150;10;10</additional_attributes></element><element><id>Relation</id><coordinates><x>200</x><y>60</y><w>200</w><h>50</h></coordinates><panel_attributes>lt=&lt;-
Categorias
m1=1..*
m2=0..*</panel_attributes><additional_attributes>180;20;10;20</additional_attributes></element><element><id>UMLClass</id><coordinates><x>340</x><y>250</y><w>210</w><h>130</h></coordinates><panel_attributes>Aviso

--
-dataHora
</panel_attributes><additional_attributes></additional_attributes></element><element><id>Relation</id><coordinates><x>200</x><y>100</y><w>200</w><h>170</h></coordinates><panel_attributes>lt=&lt;-
              Ideia
</panel_attributes><additional_attributes>10;10;180;150</additional_attributes></element><element><id>UMLClass</id><coordinates><x>330</x><y>460</y><w>210</w><h>70</h></coordinates><panel_attributes>Organizador


</panel_attributes><additional_attributes></additional_attributes></element><element><id>Relation</id><coordinates><x>420</x><y>370</y><w>100</w><h>110</h></coordinates><panel_attributes>lt=&lt;-
 

Destinatário

</panel_attributes><additional_attributes>10;90;10;10</additional_attributes></element><element><id>Text</id><coordinates><x>10</x><y>450</y><w>300</w><h>70</h></coordinates><panel_attributes>1 ª versão do Diagrama de classe 
style=noresize

</panel_attributes><additional_attributes></additional_attributes></element></diagram>